交易ID,申请日期,确认日期,基金代码,交易类型,申请成交金额,确认份额,确认净值,手续费,实际到账分红,确认状态,策略标签,备注,关联交易ID,录入来源,录入批次,录入时间,最近修改来源,最近修改批次,最近修改时间
TX-20260701-021934-001,2026-07-01,2026-07-02,021934,买入,500,121.86,4.1032,0,0,已确认,初始建仓,,,历史Excel迁移,MIGRATION-XLSX-20260817,2026-08-17T19:02:49+08:00,,,
TX-20260702-021934-001,2026-07-02,2026-07-03,021934,买入,500,131.19,3.8112,0,0,已确认,其他,,,历史Excel迁移,MIGRATION-XLSX-20260817,2026-08-17T19:02:49+08:00,,,
TX-20260713-021934-001,2026-07-13,2026-07-14,021934,买入,500,134.29,3.7234,0,0,已确认,其他,,,历史Excel迁移,MIGRATION-XLSX-20260817,2026-08-17T19:02:49+08:00,,,
TX-20260626-023652-001,2026-06-26,2026-06-29,023652,买入,500,195.07,2.5632,0,0,已确认,初始建仓,,,历史Excel迁移,MIGRATION-XLSX-20260817,2026-08-17T19:02:49+08:00,,,
TX-20260629-023652-001,2026-06-29,2026-06-30,023652,买入,500,187.15,2.6716,0,0,已确认,其他,,,历史Excel迁移,MIGRATION-XLSX-20260817,2026-08-17T19:02:49+08:00,,,
TX-20260701-023652-001,2026-07-01,2026-07-02,023652,买入,1000,370.15,2.7016,0,0,已确认,其他,,,历史Excel迁移,MIGRATION-XLSX-20260817,2026-08-17T19:02:49+08:00,,,
TX-20260703-023652-001,2026-07-03,2026-07-06,023652,买入,500,201.81,2.4776,0,0,已确认,回撤加仓,,,历史Excel迁移,MIGRATION-XLSX-20260817,2026-08-17T19:02:49+08:00,,,
TX-20260708-023652-001,2026-07-08,2026-07-09,023652,买入,500,196.51,2.5444,0,0,已确认,其他,,,历史Excel迁移,MIGRATION-XLSX-20260817,2026-08-17T19:02:49+08:00,,,
TX-20260710-023652-001,2026-07-10,2026-07-13,023652,买入,500,193.74,2.5808,0,0,已确认,其他,,,历史Excel迁移,MIGRATION-XLSX-20260817,2026-08-17T19:02:49+08:00,,,
TX-20260717-023652-001,2026-07-17,2026-07-20,023652,买入,500,238.69,2.0948,0,0,已确认,回撤加仓,,,历史Excel迁移,MIGRATION-XLSX-20260817,2026-08-17T19:02:49+08:00,,,
TX-20260817-023652-001,2026-08-17,,023652,卖出,,238.69,,0,0,待确认,止盈,待确认，对2026/7/17补仓的份额进行止盈,,历史Excel迁移,MIGRATION-XLSX-20260817,2026-08-17T19:02:49+08:00,,,
TX-20260626-027521-001,2026-06-26,2026-06-29,027521,买入,500,408.26,1.2247,0,0,已确认,初始建仓,,,历史Excel迁移,MIGRATION-XLSX-20260817,2026-08-17T19:02:49+08:00,,,
TX-20260702-027521-001,2026-07-02,2026-07-03,027521,买入,500,418.24,1.1955,0,0,已确认,回撤加仓,,,历史Excel迁移,MIGRATION-XLSX-20260817,2026-08-17T19:02:49+08:00,,,
TX-20260703-027521-001,2026-07-03,2026-07-06,027521,买入,2000,1675.74,1.1935,0,0,已确认,回撤加仓,,,历史Excel迁移,MIGRATION-XLSX-20260817,2026-08-17T19:02:49+08:00,,,
TX-20260713-027521-001,2026-07-13,2026-07-14,027521,买入,500,441.27,1.1331,0,0,已确认,回撤加仓,,,历史Excel迁移,MIGRATION-XLSX-20260817,2026-08-17T19:02:49+08:00,,,
TX-20260626-015877-001,2026-06-26,2026-06-29,015877,买入,500,203.81,2.4533,0,0,已确认,初始建仓,,,历史Excel迁移,MIGRATION-XLSX-20260817,2026-08-17T19:02:49+08:00,,,
TX-20260626-015877-002,2026-06-26,2026-06-29,015877,买入,1500,611.42,2.4533,0,0,已确认,初始建仓,,,历史Excel迁移,MIGRATION-XLSX-20260817,2026-08-17T19:02:49+08:00,,,
TX-20260629-015877-001,2026-06-29,2026-06-30,015877,买入,2000,802.21,2.4931,0,0,已确认,其他,,,历史Excel迁移,MIGRATION-XLSX-20260817,2026-08-17T19:02:49+08:00,,,
TX-20260630-015877-001,2026-06-30,2026-07-01,015877,买入,1986.43,767.88,2.5869,0,0,已确认,其他,,,历史Excel迁移,MIGRATION-XLSX-20260817,2026-08-17T19:02:49+08:00,,,
TX-20260701-015877-001,2026-07-01,2026-07-02,015877,买入,1000,395.88,2.256,0,0,已确认,回撤加仓,,,历史Excel迁移,MIGRATION-XLSX-20260817,2026-08-17T19:02:49+08:00,,,
TX-20260702-015877-001,2026-07-02,2026-07-03,015877,买入,1000,423.89,2.3591,0,0,已确认,其他,,,历史Excel迁移,MIGRATION-XLSX-20260817,2026-08-17T19:02:49+08:00,,,
TX-20260706-015877-001,2026-07-06,2026-07-07,015877,买入,500,216.66,2.3078,0,0,已确认,回撤加仓,,,历史Excel迁移,MIGRATION-XLSX-20260817,2026-08-17T19:02:49+08:00,,,
TX-20260811-015877-001,2026-08-11,2026-08-12,015877,买入,1000,516.93,1.9345,0,0,已确认,回撤加仓,,,历史Excel迁移,MIGRATION-XLSX-20260817,2026-08-17T19:02:49+08:00,,,
TX-20260817-015877-001,2026-08-17,,015877,卖出,,519.63,,0,0,待确认,止盈,待确认，对2026/8/11买入的份额进行止盈，份额差额是下单的时候填错了,,历史Excel迁移,MIGRATION-XLSX-20260817,2026-08-17T19:02:49+08:00,,,
TX-20260626-024663-001,2026-06-26,2026-06-29,024663,买入,500,214.21,2.3342,0,0,已确认,初始建仓,,,历史Excel迁移,MIGRATION-XLSX-20260817,2026-08-17T19:02:49+08:00,,,
TX-20260626-024663-002,2026-06-26,2026-06-29,024663,买入,1500,642.62,2.3342,0,0,已确认,初始建仓,,,历史Excel迁移,MIGRATION-XLSX-20260817,2026-08-17T19:02:49+08:00,,,
TX-20260629-024663-001,2026-06-29,2026-06-30,024663,买入,500,216.98,2.3044,0,0,已确认,回撤加仓,,,历史Excel迁移,MIGRATION-XLSX-20260817,2026-08-17T19:02:49+08:00,,,
TX-20260630-024663-001,2026-06-30,2026-07-01,024663,买入,1986.43,828.51,2.3976,0,0,已确认,其他,,,历史Excel迁移,MIGRATION-XLSX-20260817,2026-08-17T19:02:49+08:00,,,
TX-20260630-024663-002,2026-06-30,2026-07-01,024663,买入,1185.91,494.62,2.3976,0,0,已确认,其他,,,历史Excel迁移,MIGRATION-XLSX-20260817,2026-08-17T19:02:49+08:00,,,
TX-20260701-024663-001,2026-07-01,2026-07-02,024663,买入,1000,425.08,2.3525,0,0,已确认,其他,,,历史Excel迁移,MIGRATION-XLSX-20260817,2026-08-17T19:02:49+08:00,,,
TX-20260702-024663-001,2026-07-02,2026-07-03,024663,买入,1000,455.54,2.1952,0,0,已确认,回撤加仓,,,历史Excel迁移,MIGRATION-XLSX-20260817,2026-08-17T19:02:49+08:00,,,
TX-20260707-024663-001,2026-07-07,2026-07-08,024663,买入,1000,470.83,2.1239,0,0,已确认,回撤加仓,,,历史Excel迁移,MIGRATION-XLSX-20260817,2026-08-17T19:02:49+08:00,,,
TX-20260708-024663-001,2026-07-08,2026-07-09,024663,买入,500,233.74,2.1391,0,0,已确认,其他,,,历史Excel迁移,MIGRATION-XLSX-20260817,2026-08-17T19:02:49+08:00,,,
TX-20260709-024663-001,2026-07-09,2026-07-10,024663,买入,500,222.69,2.2453,0,0,已确认,其他,,,历史Excel迁移,MIGRATION-XLSX-20260817,2026-08-17T19:02:49+08:00,,,
